{
  "model": "checkpoints/pythia-1.4b_grammar2_hyperdata_5pct/final",
  "grammar": "grammar2",
  "split": "test",
  "valid": {
    "perplexity": 1.3596149682998657,
    "mean_loss": 0.30720153935485967,
    "mean_per_text_ppl": 1.353462890625,
    "std_per_text_ppl": 0.08593256757418198,
    "n_samples": 1000
  },
  "invalid": {
    "perplexity": 4.053918361663818,
    "mean_loss": 1.3996839245571064,
    "mean_per_text_ppl": 32.3721337890625,
    "std_per_text_ppl": 44.14129335996234,
    "n_samples": 1000
  },
  "perplexity_gap": 2.6943033933639526,
  "perplexity_ratio": 2.9816664689511705
}