{
  "model": "checkpoints/pythia-1.4b_grammar1_hyperdata_10pct/final",
  "grammar": "grammar1",
  "split": "test",
  "valid": {
    "perplexity": 1.4496251344680786,
    "mean_loss": 0.3713049795113358,
    "mean_per_text_ppl": 1.727037109375,
    "std_per_text_ppl": 0.6462890844896275,
    "n_samples": 1000
  },
  "invalid": {
    "perplexity": 25.178508758544922,
    "mean_loss": 3.2259906702116354,
    "mean_per_text_ppl": 781.1758984375,
    "std_per_text_ppl": 1116.7018059557743,
    "n_samples": 1000
  },
  "perplexity_gap": 23.728883624076843,
  "perplexity_ratio": 17.368979165626744
}