{
  "grammar": "grammar3",
  "n_correct": 4,
  "n_total": 4,
  "accuracy": 1.0,
  "tests": [
    {
      "name": "palindrome_start",
      "prefix": "[ A",
      "expected_high": [
        "A",
        "["
      ],
      "a_prob": 0.3818359375,
      "b_prob": 0.1495361328125,
      "bracket_prob": 0.1405029296875,
      "correct": true,
      "probs": {
        "A": 0.3818359375,
        "B": 0.1495361328125,
        "C": 0.15185546875,
        "D": 0.164306640625,
        "[": 0.1405029296875,
        "]": 0.0010728836059570312
      },
      "description": "After [ A, A should be likely (for [ A A ])"
    },
    {
      "name": "palindrome_middle",
      "prefix": "[ A B",
      "expected_high": "B",
      "b_prob": 0.366455078125,
      "other_probs": {
        "A": 0.21875,
        "C": 0.145751953125,
        "D": 0.06365966796875
      },
      "correct": true,
      "probs": {
        "A": 0.21875,
        "B": 0.366455078125,
        "C": 0.145751953125,
        "D": 0.06365966796875
      },
      "description": "After [ A B, B should be likely (for [ A B B A ])"
    },
    {
      "name": "palindrome_closing",
      "prefix": "[ A B B",
      "expected_high": "A",
      "a_prob": 0.372802734375,
      "other_probs": {
        "B": 0.361328125,
        "C": 0.0257720947265625,
        "D": 0.009185791015625
      },
      "correct": true,
      "probs": {
        "A": 0.372802734375,
        "B": 0.361328125,
        "C": 0.0257720947265625,
        "D": 0.009185791015625
      },
      "description": "After [ A B B, A should be likely (for [ A B B A ])"
    },
    {
      "name": "bracket_close",
      "prefix": "[ A A",
      "expected_high": "]",
      "close_prob": 0.5576171875,
      "other_probs": {
        "A": 0.271728515625,
        "B": 0.043670654296875,
        "[": 0.075439453125
      },
      "correct": true,
      "probs": {
        "A": 0.271728515625,
        "B": 0.043670654296875,
        "]": 0.5576171875,
        "[": 0.075439453125
      },
      "description": "After [ A A, ] should be likely"
    }
  ]
}