{
  "model": "checkpoints/pythia-1.4b_tivari_hyperdata_10pct/final",
  "grammar": "tivari",
  "split": "test",
  "valid": {
    "perplexity": 1.1933833360671997,
    "mean_loss": 0.17679241182591066,
    "mean_per_text_ppl": 1.270900390625,
    "std_per_text_ppl": 0.18242653399054193,
    "n_samples": 1000
  },
  "invalid": {
    "perplexity": 4.412397861480713,
    "mean_loss": 1.4844183042845442,
    "mean_per_text_ppl": 85.9229296875,
    "std_per_text_ppl": 183.74511065601334,
    "n_samples": 1000
  },
  "perplexity_gap": 3.219014525413513,
  "perplexity_ratio": 3.697385180542063
}