{
  "grammar": "tivari",
  "timestamp": "2026-02-09T00:08:57.447937",
  "models": {
    "pythia-1.4b_step71000_tivari_examples": {
      "validity_rate": 0.0885,
      "valid": 531,
      "total": 6000
    },
    "pythia-1.4b_step71000_tivari_hyperdata_10pct": {
      "validity_rate": 0.8933333333333333,
      "valid": 5360,
      "total": 6000
    },
    "pythia-1.4b_step71000_tivari_hyperdata_1pct": {
      "validity_rate": 0.18483333333333332,
      "valid": 1109,
      "total": 6000
    },
    "pythia-1.4b_step71000_tivari_hyperdata_5pct": {
      "validity_rate": 0.814,
      "valid": 4884,
      "total": 6000
    },
    "pythia-1.4b_tivari_examples": {
      "validity_rate": 0.0245,
      "valid": 147,
      "total": 6000
    },
    "pythia-1.4b_tivari_hyperdata_10pct": {
      "validity_rate": 0.8726666666666667,
      "valid": 5236,
      "total": 6000
    },
    "pythia-1.4b_tivari_hyperdata_1pct": {
      "validity_rate": 0.20916666666666667,
      "valid": 1255,
      "total": 6000
    },
    "pythia-1.4b_tivari_hyperdata_5pct": {
      "validity_rate": 0.5391666666666667,
      "valid": 3235,
      "total": 6000
    },
    "quick_test": {
      "validity_rate": 0.0,
      "valid": 0,
      "total": 6000
    }
  }
}