{
  "grammar": "tivari",
  "timestamp": "2026-02-09T13:04:40.636405",
  "models": {
    "pythia-1.4b_step1000_tivari_examples": {
      "validity_rate": 0.6653333333333333,
      "valid": 3992,
      "total": 6000
    },
    "pythia-1.4b_step1000_tivari_hyperdata_10pct": {
      "validity_rate": 0.9151666666666667,
      "valid": 5491,
      "total": 6000
    },
    "pythia-1.4b_step1000_tivari_hyperdata_1pct": {
      "validity_rate": 0.7606666666666667,
      "valid": 4564,
      "total": 6000
    },
    "pythia-1.4b_step1000_tivari_hyperdata_5pct": {
      "validity_rate": 0.8548333333333333,
      "valid": 5129,
      "total": 6000
    },
    "pythia-1.4b_step36000_tivari_examples": {
      "validity_rate": 0.7475,
      "valid": 4485,
      "total": 6000
    },
    "pythia-1.4b_step36000_tivari_hyperdata_10pct": {
      "validity_rate": 0.971,
      "valid": 5826,
      "total": 6000
    },
    "pythia-1.4b_step36000_tivari_hyperdata_1pct": {
      "validity_rate": 0.8618333333333333,
      "valid": 5171,
      "total": 6000
    },
    "pythia-1.4b_step36000_tivari_hyperdata_5pct": {
      "validity_rate": 0.9183333333333333,
      "valid": 5510,
      "total": 6000
    },
    "pythia-1.4b_step71000_tivari_examples": {
      "validity_rate": 0.0885,
      "valid": 531,
      "total": 6000
    },
    "pythia-1.4b_step71000_tivari_hyperdata_10pct": {
      "validity_rate": 0.8933333333333333,
      "valid": 5360,
      "total": 6000
    },
    "pythia-1.4b_step71000_tivari_hyperdata_1pct": {
      "validity_rate": 0.18483333333333332,
      "valid": 1109,
      "total": 6000
    },
    "pythia-1.4b_step71000_tivari_hyperdata_5pct": {
      "validity_rate": 0.814,
      "valid": 4884,
      "total": 6000
    },
    "pythia-1.4b_tivari_examples": {
      "validity_rate": 0.0245,
      "valid": 147,
      "total": 6000
    },
    "pythia-1.4b_tivari_hyperdata_10pct": {
      "validity_rate": 0.8726666666666667,
      "valid": 5236,
      "total": 6000
    },
    "pythia-1.4b_tivari_hyperdata_1pct": {
      "validity_rate": 0.20916666666666667,
      "valid": 1255,
      "total": 6000
    },
    "pythia-1.4b_tivari_hyperdata_5pct": {
      "validity_rate": 0.5391666666666667,
      "valid": 3235,
      "total": 6000
    },
    "quick_test": {
      "validity_rate": 0.0,
      "valid": 0,
      "total": 6000
    }
  }
}